Country (of organization),bloque_geopolitico,Year,modelos
Argentina,Latinoamérica,2013.0,1
Australia,Anglosphere,2016.0,2
Australia,Anglosphere,2017.0,1
Australia,Anglosphere,2019.0,2
Australia,Anglosphere,2024.0,3
Australia,Anglosphere,2025.0,1
Austria,Otro,2016.0,1
Austria,Otro,2020.0,1
Austria,Otro,2021.0,1
Austria,Otro,2022.0,1
Austria,Otro,2023.0,5
Austria,Otro,2024.0,1
Belgium,Europa,2016.0,1
Belgium,Europa,2017.0,2
Belgium,Europa,2018.0,3
Bulgaria,Otro,2025.0,1
Canada,Anglosphere,1988.0,1
Canada,Anglosphere,2000.0,1
Canada,Anglosphere,2001.0,1
Canada,Anglosphere,2003.0,2
Canada,Anglosphere,2006.0,3
Canada,Anglosphere,2007.0,2
Canada,Anglosphere,2008.0,4
Canada,Anglosphere,2009.0,4
Canada,Anglosphere,2010.0,5
Canada,Anglosphere,2011.0,2
Canada,Anglosphere,2012.0,8
Canada,Anglosphere,2013.0,4
Canada,Anglosphere,2014.0,4
Canada,Anglosphere,2015.0,2
Canada,Anglosphere,2016.0,8
Canada,Anglosphere,2017.0,5
Canada,Anglosphere,2019.0,1
Canada,Anglosphere,2020.0,7
Canada,Anglosphere,2021.0,1
Canada,Anglosphere,2022.0,4
Canada,Anglosphere,2023.0,11
Canada,Anglosphere,2024.0,15
Canada,Anglosphere,2025.0,10
China,China,2014.0,2
China,China,2015.0,4
China,China,2016.0,6
China,China,2017.0,14
China,China,2018.0,8
China,China,2019.0,23
China,China,2020.0,12
China,China,2021.0,39
China,China,2022.0,26
China,China,2023.0,146
China,China,2024.0,328
China,China,2025.0,186
China,China,2026.0,15
Croatia,Otro,1976.0,1
Croatia,Otro,2024.0,1
Czechia,Otro,2010.0,3
Czechia,Otro,2011.0,1
Denmark,Europa,1991.0,1
Denmark,Europa,2017.0,1
Denmark,Europa,2018.0,1
Denmark,Europa,2022.0,1
Denmark,Europa,2023.0,1
Denmark,Europa,2024.0,1
Finland,Otro,1981.0,1
Finland,Otro,2006.0,1
Finland,Otro,2013.0,1
Finland,Otro,2023.0,1
Finland,Otro,2024.0,1
France,Europa,1994.0,1
France,Europa,2005.0,1
France,Europa,2006.0,3
France,Europa,2010.0,2
France,Europa,2011.0,1
France,Europa,2013.0,1
France,Europa,2016.0,1
France,Europa,2018.0,1
France,Europa,2020.0,1
France,Europa,2021.0,3
France,Europa,2022.0,3
France,Europa,2023.0,5
France,Europa,2024.0,24
France,Europa,2025.0,25
Germany,Europa,1994.0,1
Germany,Europa,1996.0,1
Germany,Europa,1997.0,1
Germany,Europa,2008.0,1
Germany,Europa,2009.0,1
Germany,Europa,2010.0,2
Germany,Europa,2012.0,2
Germany,Europa,2014.0,1
Germany,Europa,2015.0,1
Germany,Europa,2016.0,1
Germany,Europa,2017.0,5
Germany,Europa,2019.0,3
Germany,Europa,2020.0,3
Germany,Europa,2021.0,11
Germany,Europa,2022.0,14
Germany,Europa,2023.0,5
Germany,Europa,2024.0,16
Germany,Europa,2025.0,5
Greece,Otro,2021.0,1
Hong Kong,China,2014.0,2
Hong Kong,China,2015.0,2
Hong Kong,China,2016.0,2
Hong Kong,China,2017.0,1
Hong Kong,China,2018.0,1
Hong Kong,China,2021.0,3
Hong Kong,China,2022.0,2
Hong Kong,China,2023.0,5
Hong Kong,China,2024.0,15
Hong Kong,China,2025.0,5
Hungary,Otro,2023.0,1
India,Asia-Pacífico,1992.0,1
India,Asia-Pacífico,2018.0,1
India,Asia-Pacífico,2020.0,1
India,Asia-Pacífico,2024.0,6
Indonesia,Otro,2024.0,1
Iran (Islamic Republic of),Otro,2024.0,1
Israel,Medio Oriente,2011.0,1
Israel,Medio Oriente,2014.0,1
Israel,Medio Oriente,2016.0,1
Israel,Medio Oriente,2017.0,2
Israel,Medio Oriente,2018.0,3
Israel,Medio Oriente,2019.0,3
Israel,Medio Oriente,2021.0,1
Israel,Medio Oriente,2022.0,4
Israel,Medio Oriente,2023.0,3
Israel,Medio Oriente,2024.0,5
Israel,Medio Oriente,2025.0,6
Italy,Europa,1961.0,1
Italy,Europa,1994.0,1
Italy,Europa,2008.0,1
Italy,Europa,2013.0,1
Italy,Europa,2020.0,1
Italy,Europa,2024.0,5
Japan,Asia-Pacífico,1969.0,1
Japan,Asia-Pacífico,1972.0,1
Japan,Asia-Pacífico,1975.0,1
Japan,Asia-Pacífico,1980.0,1
Japan,Asia-Pacífico,1984.0,1
Japan,Asia-Pacífico,1989.0,1
Japan,Asia-Pacífico,1997.0,1
Japan,Asia-Pacífico,2017.0,2
Japan,Asia-Pacífico,2018.0,6
Japan,Asia-Pacífico,2019.0,3
Japan,Asia-Pacífico,2021.0,4
Japan,Asia-Pacífico,2022.0,5
Japan,Asia-Pacífico,2023.0,12
Japan,Asia-Pacífico,2024.0,12
Japan,Asia-Pacífico,2025.0,2
Korea (Republic of),Asia-Pacífico,2002.0,1
Korea (Republic of),Asia-Pacífico,2004.0,1
Korea (Republic of),Asia-Pacífico,2016.0,1
Korea (Republic of),Asia-Pacífico,2017.0,4
Korea (Republic of),Asia-Pacífico,2018.0,1
Korea (Republic of),Asia-Pacífico,2019.0,1
Korea (Republic of),Asia-Pacífico,2020.0,4
Korea (Republic of),Asia-Pacífico,2021.0,6
Korea (Republic of),Asia-Pacífico,2022.0,7
Korea (Republic of),Asia-Pacífico,2023.0,23
Korea (Republic of),Asia-Pacífico,2024.0,11
Korea (Republic of),Asia-Pacífico,2025.0,17
Lebanon,Otro,2020.0,3
Lebanon,Otro,2021.0,1
Lithuania,Otro,2021.0,1
Luxembourg,Otro,2024.0,1
Mexico,Latinoamérica,2004.0,1
Multinational,Otro,1973.0,1
Multinational,Otro,2014.0,1
Multinational,Otro,2015.0,1
Multinational,Otro,2016.0,1
Multinational,Otro,2023.0,3
Multinational,Otro,2024.0,3
Netherlands,Europa,2013.0,1
Netherlands,Europa,2014.0,1
Netherlands,Europa,2021.0,4
Netherlands,Europa,2023.0,1
Netherlands,Europa,2024.0,1
New Zealand,Otro,1963.0,1
Poland,Otro,2007.0,1
Poland,Otro,2017.0,2
Poland,Otro,2024.0,2
Poland,Otro,2025.0,1
Portugal,Otro,2021.0,1
Russia,Rusia,2018.0,3
Russia,Rusia,2019.0,2
Russia,Rusia,2022.0,2
Russia,Rusia,2023.0,6
Russia,Rusia,2024.0,11
Russia,Rusia,2025.0,9
Saudi Arabia,Medio Oriente,2022.0,2
Saudi Arabia,Medio Oriente,2023.0,2
Saudi Arabia,Medio Oriente,2024.0,6
Singapore,Asia-Pacífico,2013.0,1
Singapore,Asia-Pacífico,2014.0,2
Singapore,Asia-Pacífico,2017.0,1
Singapore,Asia-Pacífico,2022.0,1
Singapore,Asia-Pacífico,2023.0,9
Singapore,Asia-Pacífico,2024.0,11
Singapore,Asia-Pacífico,2025.0,3
Spain,Europa,1989.0,1
Spain,Europa,2023.0,1
Spain,Europa,2024.0,1
Sweden,Europa,2022.0,1
Sweden,Europa,2023.0,1
Sweden,Europa,2024.0,2
Switzerland,Europa,1967.0,1
Switzerland,Europa,1999.0,1
Switzerland,Europa,2000.0,1
Switzerland,Europa,2005.0,1
Switzerland,Europa,2006.0,1
Switzerland,Europa,2007.0,2
Switzerland,Europa,2010.0,1
Switzerland,Europa,2011.0,4
Switzerland,Europa,2012.0,2
Switzerland,Europa,2013.0,1
Switzerland,Europa,2014.0,1
Switzerland,Europa,2015.0,1
Switzerland,Europa,2016.0,4
Switzerland,Europa,2019.0,7
Switzerland,Europa,2020.0,2
Switzerland,Europa,2021.0,4
Switzerland,Europa,2022.0,1
Switzerland,Europa,2023.0,4
Switzerland,Europa,2024.0,8
Switzerland,Europa,2025.0,2
Taiwan,Otro,1998.0,1
Taiwan,Otro,2020.0,3
Taiwan,Otro,2023.0,3
Taiwan,Otro,2024.0,5
Taiwan,Otro,2025.0,1
Thailand,Otro,2024.0,10
Thailand,Otro,2025.0,4
Ukraine,Otro,2025.0,1
United Arab Emirates,Medio Oriente,2023.0,5
United Arab Emirates,Medio Oriente,2024.0,4
United Arab Emirates,Medio Oriente,2025.0,3
United Kingdom of Great Britain and Northern Ireland,Anglosphere,1963.0,1
United Kingdom of Great Britain and Northern Ireland,Anglosphere,1968.0,2
United Kingdom of Great Britain and Northern Ireland,Anglosphere,1989.0,1
United Kingdom of Great Britain and Northern Ireland,Anglosphere,1992.0,1
United Kingdom of Great Britain and Northern Ireland,Anglosphere,1997.0,1
United Kingdom of Great Britain and Northern Ireland,Anglosphere,1999.0,1
United Kingdom of Great Britain and Northern Ireland,Anglosphere,2000.0,1
United Kingdom of Great Britain and Northern Ireland,Anglosphere,2003.0,1
United Kingdom of Great Britain and Northern Ireland,Anglosphere,2004.0,1
United Kingdom of Great Britain and Northern Ireland,Anglosphere,2006.0,1
United Kingdom of Great Britain and Northern Ireland,Anglosphere,2009.0,1
United Kingdom of Great Britain and Northern Ireland,Anglosphere,2012.0,1
United Kingdom of Great Britain and Northern Ireland,Anglosphere,2013.0,2
United Kingdom of Great Britain and Northern Ireland,Anglosphere,2014.0,7
United Kingdom of Great Britain and Northern Ireland,Anglosphere,2015.0,5
United Kingdom of Great Britain and Northern Ireland,Anglosphere,2016.0,6
United Kingdom of Great Britain and Northern Ireland,Anglosphere,2017.0,12
United Kingdom of Great Britain and Northern Ireland,Anglosphere,2018.0,13
United Kingdom of Great Britain and Northern Ireland,Anglosphere,2019.0,10
United Kingdom of Great Britain and Northern Ireland,Anglosphere,2020.0,7
United Kingdom of Great Britain and Northern Ireland,Anglosphere,2021.0,12
United Kingdom of Great Britain and Northern Ireland,Anglosphere,2022.0,21
United Kingdom of Great Britain and Northern Ireland,Anglosphere,2023.0,19
United Kingdom of Great Britain and Northern Ireland,Anglosphere,2024.0,43
United Kingdom of Great Britain and Northern Ireland,Anglosphere,2025.0,9
United States of America,Anglosphere,1950.0,1
United States of America,Anglosphere,1952.0,1
United States of America,Anglosphere,1954.0,1
United States of America,Anglosphere,1955.0,2
United States of America,Anglosphere,1957.0,1
United States of America,Anglosphere,1959.0,3
United States of America,Anglosphere,1960.0,2
United States of America,Anglosphere,1962.0,2
United States of America,Anglosphere,1963.0,1
United States of America,Anglosphere,1965.0,1
United States of America,Anglosphere,1966.0,1
United States of America,Anglosphere,1970.0,1
United States of America,Anglosphere,1973.0,1
United States of America,Anglosphere,1976.0,1
United States of America,Anglosphere,1982.0,1
United States of America,Anglosphere,1983.0,1
United States of America,Anglosphere,1984.0,1
United States of America,Anglosphere,1986.0,6
United States of America,Anglosphere,1987.0,3
United States of America,Anglosphere,1988.0,3
United States of America,Anglosphere,1989.0,7
United States of America,Anglosphere,1990.0,2
United States of America,Anglosphere,1991.0,1
United States of America,Anglosphere,1992.0,3
United States of America,Anglosphere,1993.0,3
United States of America,Anglosphere,1994.0,1
United States of America,Anglosphere,1995.0,5
United States of America,Anglosphere,1996.0,2
United States of America,Anglosphere,1997.0,3
United States of America,Anglosphere,1998.0,3
United States of America,Anglosphere,1999.0,3
United States of America,Anglosphere,2000.0,2
United States of America,Anglosphere,2001.0,3
United States of America,Anglosphere,2002.0,5
United States of America,Anglosphere,2003.0,7
United States of America,Anglosphere,2004.0,4
United States of America,Anglosphere,2005.0,6
United States of America,Anglosphere,2006.0,8
United States of America,Anglosphere,2007.0,5
United States of America,Anglosphere,2008.0,6
United States of America,Anglosphere,2009.0,14
United States of America,Anglosphere,2010.0,6
United States of America,Anglosphere,2011.0,8
United States of America,Anglosphere,2012.0,10
United States of America,Anglosphere,2013.0,16
United States of America,Anglosphere,2014.0,22
United States of America,Anglosphere,2015.0,27
United States of America,Anglosphere,2016.0,57
United States of America,Anglosphere,2017.0,39
United States of America,Anglosphere,2018.0,57
United States of America,Anglosphere,2019.0,113
United States of America,Anglosphere,2020.0,81
United States of America,Anglosphere,2021.0,113
United States of America,Anglosphere,2022.0,135
United States of America,Anglosphere,2023.0,240
United States of America,Anglosphere,2024.0,362
United States of America,Anglosphere,2025.0,270
United States of America,Anglosphere,2026.0,15
Vietnam,Otro,2021.0,2
Vietnam,Otro,2024.0,1
